Product Mix Report - Chumley's ,,,,,,,,,,,,,,
01-01-2024 to 12-31-2024,,,,,,,,,,,,,,
Type,Name,Sold,Void,Comp,Price,Cost,Gross,Comps,Total Tax,Net,Gross Profit,Receipt Total,Category Name,Identifier
Category,Bottle Beer,4881,27,2,7.34,0,35840,539,0,35301,35301,35301,,
Category,Cover Charges,25,0,0,1.84,0,46,0,0,46,46,46,,
Category,Draft Beer,10534,55,3,7.16,0,75411.5,1910,0,73501.5,73501.5,73501.5,,
Category,Food Total,6280,48,348,11.7,0,71887.05,8761.41,3349.24,59776.4,59776.4,63125.64,,
Category,Beverage,1118,15,1,3.63,0,4302.39,90.91,238.85,3972.63,3972.63,4211.48,Food,
Category,Food (Other),5162,33,347,11.7,0,67584.66,8670.5,3110.39,55803.77,55803.77,58914.16,Food,
Category,Gift Card,37,1,1,47.37,0,375,375,0,0,0,1425,,
Category,Liquor,39665,200,36,11.03,3183,438059.5,10882,0,427177.5,423994.5,427177.5,,
Category,Retail Nontax,86,0,0,21.98,0,1890,118,0,1772,1772,1772,,
Category,Retail Taxable,61,0,0,0.94,0,60.93,0,3.59,57.34,57.34,60.93,,
Category,Wine Total,2679,18,6,9.37,0,25155.5,983,0,24172.5,24172.5,24172.5,,
Category,Wine (Other),2679,18,6,9.37,0,25155.5,983,0,24172.5,24172.5,24172.5,Wine,
Item,"CH Tin, Trout Capers",3,0,0,21,0,66.78,0,3.78,63,63,66.78,Food,
Item,CH Reuben Melt,235,3,25,11.82,0,3228.25,485.5,155.25,2587.5,2587.5,2742.75,Food,
Item,Laphroaig 10,25,1,0,14.48,0,362,0,0,362,362,362,Liquor,
Item,CH Jello,29,0,4,10.94,0,377.74,82,16.74,279,279,295.74,Food,
Item,Espresso,0,4,0,0,0,0,0,0,0,0,0,Beverage,
Item,CH Granita,11,0,0,7,0,81.62,0,4.62,77,77,81.62,Food,
Item,$5 Cover Charge,4,0,0,5,0,20,0,0,20,20,20,Cover Charges,
Item,CH Soup with Pecans,101,0,4,9.98,0,1105.84,84,57.84,964,964,1021.84,Food,
Item,Xmas N/A Hot Choc,54,0,0,5,0,286.2,0,16.2,270,270,286.2,Beverage,
Item,Drumshanbo,148,1,0,15.68,0,2321,51,0,2270,2270,2270,Liquor,
Item,Amaro Flight,5,0,0,9.8,0,49,10,0,39,39,39,Liquor,
Item,Hibiki,25,0,0,18.12,0,453,0,0,453,453,453,Liquor,
Item,CH Badenburg Pretzel,61,1,7,12.93,0,923.37,126.5,44.37,752.5,752.5,796.87,Food,
Item,CH Olives,135,0,11,12.38,0,1901.62,230,94.62,1577,1577,1671.62,Food,
Item,Irish Orange,113,1,0,12,0,1356,0,0,1356,1356,1356,Liquor,
Item,Forbidden Chimney,3,0,0,15,0,45,0,0,45,45,45,Liquor,
Item,French 75,229,7,0,13.01,0,2980,78,0,2902,2902,2902,Liquor,
Item,Michter's Bourbon,18,0,0,12.67,0,228,11,0,217,217,217,Liquor,
Item,CH Tartine,39,0,2,8.29,0,358,40,18,300,300,318,Food,
Item,Brokers,13,0,0,10.77,0,140,0,0,140,140,140,Liquor,
Item,Midori,2,0,0,12,0,24,0,0,24,24,24,Liquor,
Item,CH Croissant,133,0,15,14.21,0,2206.53,377.5,103.53,1725.5,1725.5,1829.03,Food,
Item,Sidecar,111,0,0,13.08,0,1452,13,0,1439,1439,1439,Liquor,
Item,CH Gochujang Shrimp,9,0,0,7.44,0,71.02,0,4.02,67,67,71.02,Food,
Item,Del Maguey Vida,135,1,0,11.76,0,1588,39,0,1549,1549,1549,Liquor,
Item,Cardamaro,11,0,0,9.73,0,107,0,0,107,107,107,Liquor,
Item,Bottle Cremant dâ€™Alsace,3,0,0,64,0,192,64,0,128,128,128,Wine,
Item,Godfather,29,0,0,15,0,435,15,0,420,420,420,Liquor,
Item,Whistle Pig,120,0,0,22.42,0,2690,23,0,2667,2667,2667,Liquor,
Item,CH Mac Cheese,164,1,11,11.01,0,2024.76,280,98.76,1646,1646,1744.76,Food,
Item,"CH Tin, Spicy Mussels",5,0,0,14,0,73.36,14,3.36,56,56,59.36,Food,
Item,El Tesoro Blanco,3,2,0,10,0,30,0,0,30,30,30,Liquor,
Item,D/ New Trail Rocksylvania IPA,53,0,0,7,0,371,14,0,357,357,357,Draft Beer,
Item,Haymans Sloe Gin,5,0,0,11.6,0,58,0,0,58,58,58,Liquor,
Item,Francoli,1,0,0,8,0,8,0,0,8,8,8,Liquor,
Item,"CH Tin, Smoked Coho",7,0,0,16,0,116.8,32,4.8,80,80,84.8,Food,
Item,Knob Creek Single Barrel,3,0,0,15.67,0,47,0,0,47,47,47,Liquor,
Item,Corpse Reviver #2,1,0,0,16,0,16,0,0,16,16,16,Liquor,
Item,CH Granita,3,0,0,7,0,22.26,0,1.26,21,21,22.26,Food,
Item,Aperol,145,1,0,10.81,0,1567,25,0,1542,1542,1542,Liquor,
Item,Saffron 75,128,2,0,13.92,0,1782,28,0,1754,1754,1754,Liquor,
Item,$3 Cover Charge,1,0,0,3,0,3,0,0,3,3,3,Cover Charges,
Item,Eagle Rare SB,5,0,0,12,0,60,0,0,60,60,60,Liquor,
Item,White Negroni (Haymanâ€™s),3,0,0,13,0,39,0,0,39,39,39,Liquor,
Item,Vieux C Absinthe,10,0,0,18.3,0,183,0,0,183,183,183,Liquor,
Item,CH Insalata,1,0,0,9,0,9.54,0,0.54,9,9,9.54,Food,
Item,CH Chips,20,0,1,6,0,132.48,18,6.48,108,108,114.48,Food,
Item,Novo Cachaca Barrel,2,0,0,15,0,30,15,0,15,15,15,Liquor,
Item,Diplomatico,3,0,0,9,0,27,9,0,18,18,18,Liquor,
Item,Dewars White Label,17,0,0,10.12,0,172,12,0,160,160,160,Liquor,
Item,El Tesoro Anejo,1,0,0,14,0,14,0,0,14,14,14,Liquor,
Item,Captain Morgan,310,4,1,6.17,0,1918,30,0,1888,1888,1888,Liquor,
Item,Banhez Mezcal,70,0,0,12.06,0,844,102,0,742,742,742,Liquor,
Item,Stoli,177,0,0,7.24,0,1282,18,0,1264,1264,1264,Liquor,
Item,Mojito,84,0,0,10.02,0,842,0,0,842,842,842,Liquor,
Item,Saffron Snowflake Collins,1,0,0,13,0,13,0,0,13,13,13,Liquor,
Item,Heat Miser,159,2,1,12.07,0,1931,30,0,1901,1901,1901,Liquor,
Item,Mimosa,252,2,0,10,0,2520,30,0,2490,2490,2490,Liquor,
Item,Prosecco,489,0,0,9,0,4401,45,0,4356,4356,4356,Wine,
Item,Fireball,196,0,0,6,0,1176,36,0,1140,1140,1140,Liquor,
Item,Mocktail,1071,7,0,8.98,0,9616,156,0,9460,9460,9460,Liquor,
Item,Noloma,265,2,0,7.11,0,1883,35,0,1848,1848,1848,Liquor,
Item,D/ Bobal,1,0,0,9,0,9,0,0,9,9,9,Wine,
Item,Nolets Martini,7,0,0,18,0,126,0,0,126,126,126,Liquor,
Item,"CH Tin, Scallop Caleirada",6,0,0,15,0,95.4,0,5.4,90,90,95.4,Food,
Item,D/ BOAL Lager,331,3,1,8,0,2656,80,0,2576,2576,2576,Draft Beer,
Item,Creme de Cacao,7,0,0,4,0,28,0,0,28,28,28,Liquor,
Item,CH Kartoffelsuppe,10,0,0,11,0,116.6,0,6.6,110,110,116.6,Food,
Item,Lucca Libre,252,4,1,15,0,3795,150,0,3645,3645,3645,Liquor,
Item,Pisco Sour,6,0,0,13,0,78,0,0,78,78,78,Liquor,
Item,Bobar Syrah,3,0,0,15,0,45,0,0,45,45,45,Wine,
Item,Macallans 12,23,0,0,18,0,414,0,0,414,414,414,Liquor,
Item,CH Chowder,35,1,3,7.58,0,301.86,57,13.86,231,231,244.86,Food,
Item,Lindeman Fram,69,0,0,11.07,0,764,0,0,764,764,764,Bottle Beer,
Item,Mahon Martini stuffed olives,22,0,0,16,0,352,32,0,320,320,320,Liquor,
Item,D/ Sauv Blanc,389,7,0,9,0,3501,72,0,3429,3429,3429,Wine,
Item,Eagle Rare,14,0,0,11.14,0,156,10,0,146,146,146,Liquor,
Item,Frangelico,21,0,0,7.86,0,165,0,0,165,165,165,Liquor,
Item,Mezpresso,44,0,0,15,0,660,15,0,645,645,645,Liquor,
Item,CH Dates,114,1,3,9.49,0,1170.45,102.5,60.45,1007.5,1007.5,1067.95,Food,
Item,Jagermule,115,1,0,10,0,1150,10,0,1140,1140,1140,Liquor,
Item,Duvel,88,1,0,9.61,0,846,0,0,846,846,846,Bottle Beer,
Item,CH Winter Salad,10,0,1,11,0,127.6,11,6.6,110,110,116.6,Food,
Item,Dads Hat Rye,24,0,0,14.08,0,338,15,0,323,323,323,Liquor,
Item,D/ Maine Lunch IPA,129,0,0,7,0,903,14,0,889,889,889,Draft Beer,
Item,Pride Gin Tonic Special,6,0,0,10,0,60,10,0,50,50,50,Liquor,
Item,"Bottle, Kalls Riesling",0,1,0,0,0,0,0,0,0,0,0,Wine,
Item,Asbach Uralt,7,0,0,12.43,0,87,28,0,59,59,59,Liquor,
Item,Winter sangria,166,2,0,13,0,2158,13,0,2145,2145,2145,Liquor,
Item,Absolut,575,5,0,8.7,0,5004,27,0,4977,4977,4977,Liquor,
Item,Mahon,6,0,0,14.83,0,89,12,0,77,77,77,Liquor,
Item,Shirley Temple,51,0,0,3.5,0,189,3.5,10.5,175,175,185.5,Beverage,
Item,D/ Chardonnay,297,3,0,9,0,2673,9,0,2664,2664,2664,Wine,
Item,Pride Pins 3/$1*,61,0,0,0.94,0,60.93,0,3.59,57.34,57.34,60.93,Retail Taxable,
Item,Yamazaki 12,6,0,0,24,0,144,0,0,144,144,144,Liquor,
Item,Ilegal Mezcal,8,0,0,13.75,0,110,0,0,110,110,110,Liquor,
Item,Faccia Bruto,17,0,0,8.88,0,151,0,0,151,151,151,Liquor,
Item,One Night in Lima,0,1,0,0,0,0,0,0,0,0,0,Liquor,
Item,Cappelletti,6,0,0,7.67,0,46,0,0,46,46,46,Liquor,
Item,Aviation Cocktail,71,0,0,13,0,923,26,0,897,897,897,Liquor,
Item,Maple OF,281,1,0,14,0,3934,112,0,3822,3822,3822,Liquor,
Item,Cheerios,7,0,0,2.5,0,18.4,2.5,0.9,15,15,15.9,Food,
Item,Alpamanta Malbec,11,0,0,15,0,165,0,0,165,165,165,Wine,
Item,Santiago,129,0,0,15,0,1935,30,0,1905,1905,1905,Liquor,
Item,Russ Rsv Sb,4,2,0,19.25,0,77,0,0,77,77,77,Liquor,
Item,Cynar,11,0,0,8.36,0,92,0,0,92,92,92,Liquor,
Item,Bombay Sapphire,150,0,0,13.09,0,1964,51,0,1913,1913,1913,Liquor,
Item,Ardbeg 10 Year,23,0,0,14.96,0,344,0,0,344,344,344,Liquor,
Item,Lemonade,14,0,0,3.29,0,48.85,0,2.79,46.06,46.06,48.85,Beverage,
Item,Mezgroni Sour,1,0,0,14,0,14,14,0,0,0,0,Liquor,
Item,Iced Tea,13,0,0,3.29,0,45.17,3.29,2.4,39.48,39.48,41.88,Beverage,
Item,D/ Corsendonk Xmas,38,0,0,10,0,380,0,0,380,380,380,Draft Beer,
Item,Abstinent Reindeer,2,0,0,12,0,24,0,0,24,24,24,Liquor,
Item,Tombo Soju,1,0,0,6,0,6,0,0,6,6,6,Liquor,
Item,Averell Sidecar,73,0,0,13.04,0,952,26,0,926,926,926,Liquor,
Item,Pisco,8,0,0,9,0,72,0,0,72,72,72,Liquor,
Item,Monkey 47 martini,24,0,0,18,0,432,18,0,414,414,414,Liquor,
Item,Jameson,330,0,0,8.2,0,2705,96,0,2609,2609,2609,Liquor,
Item,CH Naan,70,1,1,9.94,0,744.91,57.5,38.91,648.5,648.5,687.41,Food,
Item,Key Lime Marg,3009,23,4,9,0,27117,396,0,26721,26721,26721,Liquor,
Item,Gin & Tonic,2120,8,2,12.84,0,27237,436,0,26801,26801,26801,Liquor,
Item,D/ Kirin Ichiban,129,1,0,7,0,903,49,0,854,854,854,Draft Beer,
Item,CH Side of Fries,208,5,18,9.02,0,2142.7,293,104.7,1745,1745,1849.7,Food,
Item,D/ Sly Fox Helles,262,1,0,7,0,1834,140,0,1694,1694,1694,Draft Beer,
Item,Godiva Dark,4,0,0,7,0,28,0,0,28,28,28,Liquor,
Item,Crown Royal,87,0,0,7.59,0,660,7,0,653,653,653,Liquor,
Item,Paper Plane,8,0,0,13,0,104,0,0,104,104,104,Liquor,
Item,Ch Zuppa,9,1,0,9,0,85.86,0,4.86,81,81,85.86,Food,
Item,Negroni Blanco,1,0,0,14,0,14,0,0,14,14,14,Liquor,
Item,Elijah Craig Small Batch,8,0,0,9.75,0,78,0,0,78,78,78,Liquor,
Item,Basil Haydens ,116,1,0,13.53,0,1569,42,0,1527,1527,1527,Liquor,
Item,Chazalettes Vermouth,69,0,0,8.41,0,580,16,0,564,564,564,Liquor,
Item,Ketel Cuc,1,0,0,13,0,13,0,0,13,13,13,Liquor,
Item,D/ BOAL Belg Table,267,1,0,8,0,2136,32,0,2104,2104,2104,Draft Beer,
Item,CH Bagel Plain,37,1,1,11.08,0,444.76,25,23.76,396,396,419.76,Food,
Item,Scarlet Ibis,6,1,0,12,0,72,23,0,49,49,49,Liquor,
Item,Juice,18,1,0,3.5,0,66.57,3.5,3.57,59.5,59.5,63.07,Beverage,
Item,CH Pretzel,99,1,8,11.41,0,1276.98,265,55.98,956,956,1011.98,Food,
Item,Averell,3,0,0,9,0,27,0,0,27,27,27,Liquor,
Item,Glenfarclas 21,4,0,0,21,0,84,0,0,84,84,84,Liquor,
Item,Bluecoat,52,0,0,14.21,0,739,90,0,649,649,649,Liquor,
Item,Hornitos Repo,43,1,0,10.72,0,461,11,0,450,450,450,Liquor,
Item,Oyster Shooter,42,0,0,9,0,378,9,0,369,369,369,Liquor,
Item,Lagavulin,1,2,0,19,0,19,0,0,19,19,19,Liquor,
Item,Cointreau,5,0,0,8.8,0,44,8,0,36,36,36,Liquor,
Item,Pineapple Upside Down Cake,143,0,0,6.71,0,959,0,0,959,959,959,Liquor,
Item,White Russian,342,2,1,10,0,3431,20,0,3411,3411,3411,Liquor,
Item,Reisdorff,160,0,0,9.26,0,1482,46,0,1436,1436,1436,Bottle Beer,
Item,Americano,7,0,0,12,0,84,0,0,84,84,84,Liquor,
Item,CH Salmon Dip,24,0,1,14.2,0,374.62,28,19.62,327,327,346.62,Food,
Item,X Kamikaze,35,0,0,7,0,245,14,0,231,231,231,Liquor,
Item,Ottos Zenos Rye,120,0,0,8,0,960,0,0,960,960,960,Bottle Beer,
Item,Founder All Day,114,1,0,6.69,0,763,7,0,756,756,756,Bottle Beer,
Item,Rawb Roy,87,1,0,18,0,1566,36,0,1530,1530,1530,Liquor,
Item,Leblon Cachaca,4,0,0,12,0,48,0,0,48,48,48,Liquor,
Item,CH Salmon Spread,49,0,2,10,0,537.9,45,27.9,465,465,492.9,Food,
Item,Hornitos Plata,610,0,3,8.01,0,4909,114,0,4795,4795,4795,Liquor,
Item,Plymouth,35,0,0,15.17,0,531,10,0,521,521,521,Liquor,
Item,D/ New Trail Ipa,216,3,0,7,0,1512,42,0,1470,1470,1470,Draft Beer,
Item,Mistletoe Mimosa,8,0,0,13,0,104,0,0,104,104,104,Liquor,
Item,Stella Artois,440,1,0,6.49,0,2857,39,0,2818,2818,2818,Bottle Beer,
Item,Manatawney gin,1,0,0,15,0,15,0,0,15,15,15,Liquor,
Item,D/ Slyfox IPA,302,1,0,7,0,2114,28,0,2086,2086,2086,Draft Beer,
Item,Rittenhouse Rye,5,0,0,12.2,0,61,0,0,61,61,61,Liquor,
Item,CH mushroom fritters,4,0,0,9,0,38.16,0,2.16,36,36,38.16,Food,
Item,Bols Genever,3,0,0,11.33,0,34,21,0,13,13,13,Liquor,
Item,Blanton's HSC,64,0,0,16.81,0,1076,0,0,1076,1076,1076,Liquor,
Item,Abstinence,3,0,0,10.67,0,32,8,0,24,24,24,Liquor,
Item,CH Veal Ragu,12,0,2,21,0,309.12,42,15.12,252,252,267.12,Food,
Item,Limoncello,7,0,0,7.57,0,53,0,0,53,53,53,Liquor,
Item,Chimay Red,47,3,0,12,0,564,42,0,522,522,522,Bottle Beer,
Item,Carpano Antica Vermouth,2,0,0,10,0,20,0,0,20,20,20,Liquor,
Item,CH Hummus Toast,175,0,11,10.06,0,1968.63,261.5,96.63,1610.5,1610.5,1707.13,Food,
Item,Drambuie,7,0,0,7,0,49,0,0,49,49,49,Liquor,
Item,Violet beauregard,2,0,0,13,0,26,0,0,26,26,26,Liquor,
Item,Haymans Dry,279,0,1,12.53,0,3507,122,0,3385,3385,3385,Liquor,
Item,Layali Libani,47,0,0,12,0,564,24,0,540,540,540,Liquor,
Item,Black Butte,90,0,0,7.46,0,671,31,0,640,640,640,Bottle Beer,
Item,Redbreast,11,0,0,15.18,0,167,14,0,153,153,153,Liquor,
Item,CH Garlic Pickle,43,0,8,8,0,429.36,52,21.36,356,356,377.36,Food,
Item,D/ BOAL Wheelie IPA,227,4,0,8,0,1816,88,0,1728,1728,1728,Draft Beer,
Item,Jim Beam,622,0,0,6.29,0,3911,42,0,3869,3869,3869,Liquor,
Item,Scapegrace black,61,0,1,10.85,0,673,129,0,544,544,544,Liquor,
Item,Ocho Repo,2,0,0,16,0,32,0,0,32,32,32,Liquor,
Item,Santa Sake tini,54,0,1,16,0,880,56,0,824,824,824,Liquor,
Item,Averna,6,0,0,9.17,0,55,0,0,55,55,55,Liquor,
Item,Chums Sbagliato,481,1,1,13.21,0,6367,104,0,6263,6263,6263,Liquor,
Item,CH Linguine,13,0,3,21,0,351.75,73.5,15.75,262.5,262.5,278.25,Food,
Item,Hinton Daquiri,105,0,0,13,0,1365,13,0,1352,1352,1352,Liquor,
Item,Nocello,1,0,0,14,0,14,0,0,14,14,14,Liquor,
Item,Angels Envy,55,0,0,16.11,0,886,0,0,886,886,886,Liquor,
Item,Pernod Ricard,93,1,0,9.45,0,879,45,0,834,834,834,Liquor,
Item,1809 Berliner,0,1,0,0,0,0,0,0,0,0,0,Bottle Beer,
Item,Irish Coffee,22,0,0,11,0,242,0,0,242,242,242,Liquor,
Item,Beefeater,151,0,0,11.6,0,1751,38,0,1713,1713,1713,Liquor,
Item,Brown Derby,157,0,0,13,0,2041,52,0,1989,1989,1989,Liquor,
Item,CH Rosemary Potato,84,2,6,11.84,0,1119.58,173,53.58,893,893,946.58,Food,
Item,Scone,2,0,0,5,0,10.6,0,0.6,10,10,10.6,Food,
Item,B/A Manhattan,1356,3,0,12.68,0,17190,261,0,16929,16929,16929,Liquor,
Item,Open Drink,35,1,0,8.2,0,304.22,0,17.22,287,287,304.22,Beverage,
Item,BOAL ESB,56,2,0,8,0,448,0,0,448,448,448,Bottle Beer,
Item,Knob Creek Rye,104,0,0,13.18,0,1371,30,0,1341,1341,1341,Liquor,
Item,Masaya Arak,9,0,0,10.78,0,97,39,0,58,58,58,Liquor,
Item,Campari,19,0,0,9.21,0,175,0,0,175,175,175,Liquor,
Item,Bacardi,318,2,0,7.01,0,2229,27,0,2202,2202,2202,Liquor,
Item,Knob Creek HSC SB Bourbon,9,0,0,17.67,0,159,48,0,111,111,111,Liquor,
Item,CH Fries,7,0,0,9,0,65.7,18,2.7,45,45,47.7,Food,
Item,Sazerac Rye,5,0,0,12,0,60,10,0,50,50,50,Liquor,
Item,Kir Royale,146,2,0,12,0,1752,36,0,1716,1716,1716,Liquor,
Item,Johnny Drum,10,0,0,14.8,0,148,0,0,148,148,148,Liquor,
Item,BOAL Can,40,0,0,10,0,400,20,0,380,380,380,Bottle Beer,
Item,Promiscuous Ginger,49,0,0,10,0,490,20,0,470,470,470,Liquor,
Item,Makers Mark Single Barrel,20,0,0,16.05,0,321,33,0,288,288,288,Liquor,
Item,D/ BOAL Hefeweizen,124,0,0,8,0,992,32,0,960,960,960,Draft Beer,
Item,Gift Card,26,1,1,49.44,0,375,375,0,0,0,960,Gift Card,
Item,Fidencio Classico,1,0,0,10,0,10,0,0,10,10,10,Liquor,
Item,Rittenhouse Single Barrel,113,1,0,13.24,0,1496,120,0,1376,1376,1376,Liquor,
Item,Xmas Hot Choc Boozy,250,1,0,12,0,3000,0,0,3000,3000,3000,Liquor,
Item,BOAL Farmhouse IPA,90,2,0,10,0,900,30,0,870,870,870,Bottle Beer,
Item,BOAL West Coast IPA,70,0,0,10,0,700,0,0,700,700,700,Bottle Beer,
Item,Kamikaze Cocktail,9,0,0,10,0,90,0,0,90,90,90,Liquor,
Item,D/ Nitro Draft,784,3,1,7,0,5495,105,0,5390,5390,5390,Draft Beer,
Item,Rusty Nail,7,0,0,12,0,84,0,0,84,84,84,Liquor,
Item,Digital Gift Card,11,0,0,42.27,0,0,0,0,0,0,465,Gift Card,
Item,St George vodka,4,0,0,11.5,0,46,0,0,46,46,46,Liquor,
Item,D/ BOAL Gose,158,0,0,8,0,1264,80,0,1184,1184,1184,Draft Beer,
Item,Milagro Repo,53,0,0,10.34,0,548,58,0,490,490,490,Liquor,
Item,El Dorado 8,15,0,0,11.2,0,168,0,0,168,168,168,Liquor,
Item,Tattoo,16,0,0,10,0,160,0,0,160,160,160,Liquor,
Item,Disaronno,102,0,0,11.29,0,1152,0,0,1152,1152,1152,Liquor,
Item,Ginger Rickie,292,0,0,12,0,3504,48,0,3456,3456,3456,Liquor,
Item,CH Tuna Melt,10,0,0,15,0,157.2,30,7.2,120,120,127.2,Food,
Item,Shrub Spritz,123,3,1,12.04,0,1493,36,0,1457,1457,1457,Liquor,
Item,Sicilian Vespers,285,2,1,14,0,4004,56,0,3948,3948,3948,Liquor,
Item,Dogfish Head SeaQuench,131,0,0,6.63,0,869,0,0,869,869,869,Bottle Beer,
Item,Summer Sangria,184,2,0,13,0,2392,0,0,2392,2392,2392,Liquor,
Item,CH Tigershrimp 3,1,0,0,10,0,10.6,0,0.6,10,10,10.6,Food,
Item,Open Food,330,0,0,15.65,0,5239.19,34.5,74.42,5130.27,5130.27,5204.69,Food,
Item,Mirabeau,28,1,0,14.43,0,404,110,0,294,294,294,Liquor,
Item,Pimms Cup,28,0,0,12,0,336,0,0,336,336,336,Liquor,
Item,Bookers,15,0,0,24.4,0,366,192,0,174,174,174,Liquor,
Item,Noche Perfecta,5,0,0,14,0,70,0,0,70,70,70,Liquor,
Item,Dreidelweiss,1,1,0,15,0,15,0,0,15,15,15,Liquor,
Item,D/ Troegs Pils,502,3,0,7,0,3514,105,0,3409,3409,3409,Draft Beer,
Item,Coffee,178,0,0,3,0,565.14,15,31.14,519,519,550.14,Beverage,
Item,Gilgal Cabernet,64,0,0,15,0,960,150,0,810,810,810,Wine,
Item,Jack Daniels,227,3,0,7.1,0,1612,7,0,1605,1605,1605,Liquor,
Item,El Tesoro SINGLE BARREL,65,0,0,19.42,0,1262,526,0,736,736,736,Liquor,
Item,Auchentoshan triplewood,26,0,0,14.23,0,370,0,0,370,370,370,Liquor,
Item,Straub,21,0,0,5,0,105,0,0,105,105,105,Bottle Beer,
Item,Dr Hermann Reisling,1,0,0,14,0,14,14,0,0,0,0,Wine,
Item,Fidencio Ensambl,4,0,0,20,0,80,0,0,80,80,80,Liquor,
Item,Chumleyâ€™s Hat,4,0,0,30,0,120,30,0,90,90,90,Retail Nontax,
Item,Trieste Caffe,16,0,0,13,0,208,0,0,208,208,208,Liquor,
Item,Forthhave Blue,3,0,0,16,0,48,0,0,48,48,48,Liquor,
Item,CH Sundae,143,0,8,7.07,0,1125.8,87,58.8,980,980,1038.8,Food,
Item,Sfumato,6,0,0,8.67,0,52,12,0,40,40,40,Liquor,
Item,CH Hummus,7,1,1,7,0,58.94,7,2.94,49,49,51.94,Food,
Item,Larceny,74,0,0,11.64,0,861,0,0,861,861,861,Liquor,
Item,Miller Lite,971,1,0,5.69,0,5523,12,0,5511,5511,5511,Bottle Beer,
Item,N/A Mule,20,0,0,8.2,0,164,0,0,164,164,164,Liquor,
Item,"Prosecco, Bottle",10,0,0,36,0,360,72,0,288,288,288,Wine,
Item,Saffron Bijou,168,0,0,15,0,2520,105,0,2415,2415,2415,Liquor,
Item,Weller 107,58,0,0,18.76,0,1088,312,0,776,776,776,Liquor,
Item,Mal Bien Espadin,12,0,0,12.5,0,150,28,0,122,122,122,Liquor,
Item,Sangria,315,1,2,13,0,4121,195,0,3926,3926,3926,Liquor,
Item,Makers Mark,564,0,0,11.39,0,6423,70,0,6353,6353,6353,Liquor,
Item,Athletic N/A,11,0,1,6,0,72,6,0,66,66,66,Bottle Beer,
Item,Tanqueray,106,4,0,11.98,0,1270,0,0,1270,1270,1270,Liquor,
Item,D/ Broken Goblet IPA,128,0,0,7,0,896,35,0,861,861,861,Draft Beer,
Item,Death in Venice 2.0,90,0,0,14.98,0,1348,0,0,1348,1348,1348,Liquor,
Item,Ottos Apricot,274,1,0,6.64,0,1819,13,0,1806,1806,1806,Bottle Beer,
Item,Ocho Plata,19,0,0,12.63,0,240,0,0,240,240,240,Liquor,
Item,CH Rice Pudding,19,0,0,9,0,181.26,0,10.26,171,171,181.26,Food,
Item,Nolets,23,0,0,17.87,0,411,38,0,373,373,373,Liquor,
Item,Woodford,188,3,0,12.8,0,2406,59.5,0,2346.5,2346.5,2346.5,Liquor,
Item,Four Roses Sb,12,0,0,14.58,0,175,0,0,175,175,175,Liquor,
Item,Dekyuper apple pucker,7,0,0,6.57,0,46,12,0,34,34,34,Liquor,
Item,"CH Tin, Calamari Ragout",7,0,1,16.5,0,138,32,6,100,100,106,Food,
Item,Pride Sloe Screw,50,0,0,9.24,0,462,18,0,444,444,444,Liquor,
Item,Glenfiddich 12,9,0,0,12,0,108,0,0,108,108,108,Liquor,
Item,Balvenie 14 Carribean,12,0,0,20,0,240,20,0,220,220,220,Liquor,
Item,Underberg,7,0,0,5,0,35,5,0,30,30,30,Liquor,
Item,CH Hummus,14,0,2,12,0,202.8,12,10.8,180,180,190.8,Food,
Item,Green Tea,372,0,0,6.7,0,2491,19,0,2472,2472,2472,Liquor,
Item,Rumpleminz,24,0,0,6.25,0,150,0,0,150,150,150,Liquor,
Item,Ayinger Pils,0,1,0,0,0,0,0,0,0,0,0,Bottle Beer,
Item,Harvest Punch,117,1,0,9,0,1053,36,0,1017,1017,1017,Liquor,
Item,Peach Schnapp,24,0,0,7.13,0,171,28,0,143,143,143,Liquor,
Item,Pride Blue Hawaiian,102,0,0,9.55,0,974,18,0,956,956,956,Liquor,
Item,D/ Modelo,132,0,0,7,0,924,49,0,875,875,875,Draft Beer,
Item,Song Cai,24,0,0,13.46,0,323,20,0,303,303,303,Liquor,
Item,Michelada,5,0,0,9,0,45,27,0,18,18,18,Liquor,
Item,"CH Tin, Sardines Brava",21,0,0,21,0,463.68,63,22.68,378,378,400.68,Food,
Item,Soda,349,4,0,3.29,0,1215.07,41.12,66.86,1107.09,1107.09,1173.95,Beverage,
Item,Bells 2 Heart,200,1,0,7,0,1400,21,0,1379,1379,1379,Bottle Beer,
Item,Amrut,3,0,0,18.67,0,56,0,0,56,56,56,Liquor,
Item,Milagro Anejo,11,1,0,11,0,121,0,0,121,121,121,Liquor,
Item,Elijah Craig Single Barrel,42,0,0,14.02,0,589,74,0,515,515,515,Liquor,
Item,Courvoisier VSOP,34,0,0,11.68,0,397,10,0,387,387,387,Liquor,
Item,D/ Gulden Draak,28,0,0,10,0,280,10,0,270,270,270,Draft Beer,
Item,Ketel One,390,1,0,10.07,0,3926,34,0,3892,3892,3892,Liquor,
Item,French Goodbye,8,0,0,14,0,112,0,0,112,112,112,Liquor,
Item,Open Draft Beer,161,1,0,4.7,0,756.5,34,0,722.5,722.5,722.5,Draft Beer,
Item,Del Maguey Albarradas,2,0,0,18,0,36,0,0,36,36,36,Liquor,
Item,Pinn Whipped,6,0,0,5,0,30,0,0,30,30,30,Liquor,
Item,El Tesoro Reposado,11,0,0,12.91,0,142,16,0,126,126,126,Liquor,
Item,Open Wine,7,1,0,21.93,0,153.5,0,0,153.5,153.5,153.5,Wine,
Item,CH Kebab,71,2,10,11.25,0,958.4,121,47.4,790,790,837.4,Food,
Item,Roku,107,7,0,14.44,0,1545,115,0,1430,1430,1430,Liquor,
Item,Kirsch Royale,14,0,0,18,0,252,0,0,252,252,252,Liquor,
Item,Michters Rye,38,0,0,14.61,0,555,0,0,555,555,555,Liquor,
Item,Zinfandel,8,0,0,8,0,64,8,0,56,56,56,Wine,
Item,Long Island Iced Tea,225,0,2,8.02,0,1820,32,0,1788,1788,1788,Liquor,
Item,La Grimas Masparillo,2,0,0,12,0,24,12,0,12,12,12,Liquor,
Item,"CH Tin, Mackeral Curry",15,0,0,19,0,302.1,0,17.1,285,285,302.1,Food,
Item,Angels Envy Rye,13,0,0,24.38,0,317,27,0,290,290,290,Liquor,
Item,Barenjager,7,0,0,6,0,42,0,0,42,42,42,Liquor,
Item,5 Sentidos,8,0,0,18,0,144,18,0,126,126,126,Liquor,
Item,Arts Fest Sangria,118,0,0,13,0,1534,39,0,1495,1495,1495,Liquor,
Item,Toki Highball,130,0,0,14,0,1820,14,0,1806,1806,1806,Liquor,
Item,Mediterranean Snowball,65,1,1,13,0,858,32.5,0,825.5,825.5,825.5,Liquor,
Item,PiÃ±a Colada,139,0,1,13,1668,1820,52,0,1768,100,1768,Liquor,
Item,Occidental Tobala,20,0,0,12.05,0,241,12,0,229,229,229,Liquor,
Item,D/ Allagash Tripel,119,1,0,10,0,1190,30,0,1160,1160,1160,Draft Beer,
Item,Yule Mule,245,3,0,12,0,2940,12,0,2928,2928,2928,Liquor,
Item,Knob Creek SB OF,27,1,0,18.11,0,489,54,0,435,435,435,Liquor,
Item,D/ Verdejo,74,0,3,9,0,693,54,0,639,639,639,Wine,
Item,Scapegrace,7,0,0,17.29,0,121,0,0,121,121,121,Liquor,
Item,"Martinez, Manatawney",3,0,0,13,0,39,0,0,39,39,39,Liquor,
Item,D/ Allagash,2781,10,1,7,0,19474,343,0,19131,19131,19131,Draft Beer,
Item,1792 Full Proof,3,0,0,17,0,51,16,0,35,35,35,Liquor,
Item,CH Lamb Sliders,5,0,1,26,0,162.24,52,6.24,104,104,110.24,Food,
Item,D/ LA Cabra IPA,119,0,0,7,0,833,14,0,819,819,819,Draft Beer,
Item,Alaska,177,0,0,15,1515,2655,45,0,2610,1095,2610,Liquor,
Item,Bloody Mary,56,1,0,10,0,560,20,0,540,540,540,Liquor,
Item,"Moscow mule,well",73,0,0,9,0,657,0,0,657,657,657,Liquor,
Item,Great Pumpkin,105,0,0,12,0,1260,36,0,1224,1224,1224,Liquor,
Item,Hurricane,502,0,0,9,0,4518,18,0,4500,4500,4500,Liquor,
Item,Rothrock cold brew,27,1,0,5,0,135,5,0,130,130,130,Liquor,
Item,Hornitos BB,10,0,0,9.4,0,94,0,0,94,94,94,Liquor,
Item,Salmon Tempura,8,0,1,11,0,104.61,5.5,5.61,93.5,93.5,99.11,Food,
Item,Novo Cachaca,3,0,1,14.25,0,57,29,0,28,28,28,Liquor,
Item,CH Olives,28,1,1,8.66,0,265.79,4.5,14.79,246.5,246.5,261.29,Food,
Item,Willett,9,0,0,13.33,0,120,13,0,107,107,107,Liquor,
Item,Tequila Sunrise,3,0,0,8,0,24,0,0,24,24,24,Liquor,
Item,Jagermeister,47,0,0,6.06,0,285,0,0,285,285,285,Liquor,
Item,Aberlour,2,0,0,12,0,24,12,0,12,12,12,Liquor,
Item,Barr Hill Tomcat,33,0,0,17.33,0,572,65,0,507,507,507,Liquor,
Item,Sierra Nevada Pale Ale,138,0,0,6.62,0,913,66,0,847,847,847,Bottle Beer,
Item,"Caipirinha, upcharge",32,0,0,14,0,448,0,0,448,448,448,Liquor,
Item,Sazerac,158,2,1,14.99,0,2384,75,0,2309,2309,2309,Liquor,
Item,Creme De Menthe,8,0,0,4,0,32,0,0,32,32,32,Liquor,
Item,BOAL Flanders Sour,45,0,0,10,0,450,20,0,430,430,430,Bottle Beer,
Item,CH Swordfish,6,0,0,22,0,139.26,11,7.26,121,121,128.26,Food,
Item,Pimm's,2,0,0,9,0,18,0,0,18,18,18,Liquor,
Item,D/ New Trail Crisp Lager,149,0,0,7,0,1043,35,0,1008,1008,1008,Draft Beer,
Item,Corpse Reviver #1,17,0,0,14,0,238,14,0,224,224,224,Liquor,
Item,B/A Boulevardier,658,5,0,12.89,0,8484,211,0,8273,8273,8273,Liquor,
Item,Kimchi Chimney,70,0,0,16,0,1120,48,0,1072,1072,1072,Liquor,
Item,Chartureuse Jaune,12,0,0,16,0,192,80,0,112,112,112,Liquor,
Item,Borroso Mezcal,5,0,0,10,0,50,0,0,50,50,50,Liquor,
Item,Balvenie 12 Year,10,0,0,16,0,160,0,0,160,160,160,Liquor,
Item,Saffron G&T Olives,39,0,0,12,0,468,0,0,468,468,468,Liquor,
Item,Pasubio,1,0,0,11,0,11,0,0,11,11,11,Liquor,
Item,$4 Cover Charge,1,0,0,4,0,4,0,0,4,4,4,Cover Charges,
Item,Ch Pasta,177,2,10,11.75,0,2310.16,311,113.16,1886,1886,1999.16,Food,
Item,Tomcat Martinez,39,0,0,18,0,702,0,0,702,702,702,Liquor,
Item,Big Spring Coffee,316,0,0,14.14,0,4468,13,0,4455,4455,4455,Liquor,
Item,Old Overholt Rye,187,0,0,8.72,0,1630,21,0,1609,1609,1609,Liquor,
Item,Schadenfreude,135,0,0,15,0,2025,0,0,2025,2025,2025,Liquor,
Item,Rumaan Spritz,76,2,0,12,0,912,12,0,900,900,900,Liquor,
Item,360 Choco Vodka,32,0,0,10.78,0,345,0,0,345,345,345,Liquor,
Item,Open Retail Nontax,2,0,0,5,0,10,0,0,10,10,10,Retail Nontax,
Item,D/ Allagash IPA,134,0,0,7,0,938,56,0,882,882,882,Draft Beer,
Item,D/ Big Hill Cider,1325,10,0,7,0,9275,147,0,9128,9128,9128,Draft Beer,
Item,Beiwagen,45,0,0,13,0,585,26,0,559,559,559,Liquor,
Item,M Chum T,68,0,0,22,0,1496,88,0,1408,1408,1408,Retail Nontax,
Item,Smith and Cross,23,0,0,11.04,0,254,13,0,241,241,241,Liquor,
Item,Spring Sangria,341,4,0,13,0,4433,143,0,4290,4290,4290,Liquor,
Item,Zirbenz,1,0,0,10,0,10,0,0,10,10,10,Liquor,
Item,$1 Cover Charge,19,0,0,1,0,19,0,0,19,19,19,Cover Charges,
Item,Fernet Branca,94,0,1,8.09,0,769,44,0,725,725,725,Liquor,
Item,D/ Troegs IPA,459,3,0,7,0,3213,35,0,3178,3178,3178,Draft Beer,
Item,Talisker,97,0,0,12,0,1164,24,0,1140,1140,1140,Liquor,
Item,Corazon Anejo,12,0,0,11.83,0,142,32,0,110,110,110,Liquor,
Item,Ch Prime Rib,15,0,1,17,0,286.28,34,14.28,238,238,252.28,Food,
Item,Cocchi Americano,5,0,0,8,0,40,24,0,16,16,16,Liquor,
Item,Abominable Fizz,450,2,1,15,0,6765,90,0,6675,6675,6675,Liquor,
Item,Toki Blended,31,0,0,10.35,0,321,80,0,241,241,241,Liquor,
Item,Zaya,86,0,0,7.49,0,644,14,0,630,630,630,Liquor,
Item,Weihensteph,122,0,0,7.65,0,933,15,0,918,918,918,Bottle Beer,
Item,Espresso martini,483,1,0,14,0,6762,70,0,6692,6692,6692,Liquor,
Item,La Gritona Repo,67,0,0,9.07,0,608,9,0,599,599,599,Liquor,
Item,CH Calamari,21,0,1,12,0,278.04,30,14.04,234,234,248.04,Food,
Item,Belvedere,50,1,0,10.16,0,508,0,0,508,508,508,Liquor,
Item,Clausthauler N/A,148,1,0,6,0,888,84,0,804,804,804,Bottle Beer,
Item,Four Roses,16,0,0,11.88,0,190,0,0,190,190,190,Liquor,
Item,Il Seminatore Amaro,2,0,0,8,0,16,0,0,16,16,16,Liquor,
Item,Tonic,169,2,1,4,0,719.84,16,39.84,664,664,703.84,Beverage,
Item,Chocolate Manhatten,10,0,0,14,0,140,0,0,140,140,140,Liquor,
Item,Barr Hill,74,2,0,14.99,0,1109,107,0,1002,1002,1002,Liquor,
Item,Glengoyne 12,2,0,0,16,0,32,16,0,16,16,16,Liquor,
Item,Kahlua,17,0,0,8,0,136,8,0,128,128,128,Liquor,
Item,Mahon Martinez,3,0,0,16,0,48,16,0,32,32,32,Liquor,
Item,Manatawny HSC,5,0,0,11.6,0,58,34,0,24,24,24,Liquor,
Item,D/ Slyfox Saison,139,0,0,7,0,973,49,0,924,924,924,Draft Beer,
Item,Aperol Spritz,54,0,0,11,0,594,33,0,561,561,561,Liquor,
Item,Tyrconnell Cask,5,0,0,16,0,80,0,0,80,80,80,Liquor,
Item,B/A Mezcal OF,870,4,0,12.72,0,11070,257,0,10813,10813,10813,Liquor,
Item,"1oz shot, Octoberfest",48,0,0,4.58,0,220,4,0,216,216,216,Liquor,
Item,CH Latkes,148,0,13,10.91,0,1844.35,283.5,88.35,1472.5,1472.5,1560.85,Food,
Item,Bagel add salmon,8,0,0,9,0,76.32,0,4.32,72,72,76.32,Food,
Item,Smoke on the Water,18,0,0,13,0,234,13,0,221,221,221,Liquor,
Item,CH Summer Pasta,39,0,1,19,0,799.9,95,39.9,665,665,704.9,Food,
Item,Salers,1,0,0,8,0,8,0,0,8,8,8,Liquor,
Item,Smirnoff,1282,3,0,6.99,0,8963,196,0,8767,8767,8767,Liquor,
Item,Hendricks,166,1,0,15.46,0,2566,77,0,2489,2489,2489,Liquor,
Item,Naked & Afraid,159,1,0,15,0,2385,75,0,2310,2310,2310,Liquor,
Item,Heaven Hill,1,0,0,12,0,12,0,0,12,12,12,Liquor,
Item,CH Lobster Mac,188,0,17,15.6,0,3353.56,623,154.56,2576,2576,2730.56,Food,
Item,Plantation 3Star,13,0,0,10.38,0,135,0,0,135,135,135,Liquor,
Item,CH Butterscotch Mousse,17,0,1,10,0,189.6,20,9.6,160,160,169.6,Food,
Item,Brooklyn,3,1,0,14.67,0,44,0,0,44,44,44,Liquor,
Item,Berentzen Apple Liquor,1,0,0,6,0,6,0,0,6,6,6,Liquor,
Item,Derrumbes Zacatecas,9,0,0,16,0,144,0,0,144,144,144,Liquor,
Item,Sotol La Higuera,11,0,0,10.55,0,116,0,0,116,116,116,Liquor,
Item,CH Pretzel,60,0,4,10.75,0,724.57,78.5,36.57,609.5,609.5,646.07,Food,
Item,CH Pita,280,0,20,12.22,0,3850.32,580,184.32,3086,3086,3270.32,Food,
Item,Cold Brew Cup,23,0,0,5,0,121.6,5,6.6,110,110,116.6,Beverage,
Item,Flor del Desierto,2,0,0,23,0,46,0,0,46,46,46,Liquor,
Item,Sambuca,20,0,0,7,0,140,7,0,133,133,133,Liquor,
Item,Sagamore Rye,47,0,0,14.15,0,665,70,0,595,595,595,Liquor,
Item,Sex on Beach,92,0,0,9.78,0,900,40,0,860,860,860,Liquor,
Item,D/ Cabernet,622,4,0,9,0,5598,216,0,5382,5382,5382,Wine,
Item,Mr. Pimms,2,0,0,10,0,20,0,0,20,20,20,Liquor,
Item,"CH Tin, Tuna Ratatouille",13,0,2,20,0,316.8,20,16.8,280,280,296.8,Food,
Item,Greenhook,3,0,0,13,0,39,0,0,39,39,39,Liquor,
Item,Caiparinia,176,1,0,13,0,2288,91,0,2197,2197,2197,Liquor,
Item,CH Cheese Fries,103,0,8,11.3,0,1314,239,60,1015,1015,1075,Food,
Item,Cosmopolitan,125,0,0,11,0,1375,44,0,1331,1331,1331,Liquor,
Item,Milagro Silver,260,0,0,9.34,0,2428,18,0,2410,2410,2410,Liquor,
Item,Knob Creek HSC SB Rye,35,0,0,18.49,0,647,32,0,615,615,615,Liquor,
Item,Copa Cabana Sour,172,0,0,15,0,2580,60,0,2520,2520,2520,Liquor,
Item,limencello,5,0,0,8.4,0,42,0,0,42,42,42,Liquor,
Item,B/A Chet Baker,411,4,0,12.66,0,5203,138,0,5065,5065,5065,Liquor,
Item,B/A Vieux CarrÃ©,98,0,0,14.98,0,1468,73,0,1395,1395,1395,Liquor,
Item,Moondance,4,0,0,13,0,52,0,0,52,52,52,Liquor,
Item,Kapali,20,0,0,6,0,120,0,0,120,120,120,Liquor,
Item,Mocktail Special,36,1,0,10,0,360,30,0,330,330,330,Liquor,
Item,Chupacabra,2,0,0,13,0,26,13,0,13,13,13,Liquor,
Item,Stateside,10,0,0,11,0,110,0,0,110,110,110,Liquor,
Item,D/ 3 Floyds IPA,253,3,0,7,0,1771,70,0,1701,1701,1701,Draft Beer,
Item,Mal Bien Isidro Rodriguez,12,1,0,16,0,192,0,0,192,192,192,Liquor,
Item,RumChata,28,3,0,8.46,0,237,47,0,190,190,190,Liquor,
Item,Laguvulin 16,9,0,0,24,0,216,0,0,216,216,216,Liquor,
Item,CH Melons Prosciutto,64,0,9,10.84,0,832.34,102,41.34,689,689,730.34,Food,
Item,Bailey's,58,0,0,8.52,0,494,0,0,494,494,494,Liquor,
Item,Krampus Tree,3,0,0,15,0,45,0,0,45,45,45,Liquor,
Item,Scorpion Jov,3,0,0,12.67,0,38,0,0,38,38,38,Liquor,
Item,CH Hummus,69,0,2,8.28,0,621.9,23,33.9,565,565,598.9,Food,
Item,Key Lime Spicy,1986,4,1,10,0,19871,275,0,19596,19596,19596,Liquor,
Item,Milk,1,0,0,3.5,0,3.71,0,0.21,3.5,3.5,3.71,Beverage,
Item,D/ Bell's 2H IPA,102,1,0,7,0,714,63,0,651,651,651,Draft Beer,
Item,W Chum T,12,0,0,22,0,264,0,0,264,264,264,Retail Nontax,
Item,Woodford Rye,47,0,0,13.51,0,635,10,0,625,625,625,Liquor,
Item,Naked & Famous,7,0,0,13,0,91,0,0,91,91,91,Liquor,
Item,Knob Creek,121,0,0,12.56,0,1520,0,0,1520,1520,1520,Liquor,
Item,Open Liquor,58,0,2,9.33,0,560,68,0,492,492,492,Liquor,
Item,D/ BOAL ESB   ,0,2,0,0,0,0,0,0,0,0,0,Draft Beer,
Item,Hot Cider Spiked,2,0,0,11,0,22,0,0,22,22,22,Liquor,
Item,Ch White Bean Hummus,135,2,10,10.09,0,1542.08,145,79.08,1318,1318,1397.08,Food,
Item,Buffalo Trace Single,47,0,0,11.45,0,538,40,0,498,498,498,Liquor,
Item,Makers Julep,70,0,0,15,0,1050,0,0,1050,1050,1050,Liquor,
Item,Bagel cr ch,8,0,0,4,0,33.92,0,1.92,32,32,33.92,Food,
Item,Marie Brizard,4,0,0,9,0,36,6,0,30,30,30,Liquor,
Item,Lelouvier Calvados,2,0,0,22.5,0,45,20,0,25,25,25,Liquor,
Item,Monkey 47,55,0,0,16.56,0,911,44,0,867,867,867,Liquor,
Item,Guinness Can,367,1,1,7.76,0,2856,23,0,2833,2833,2833,Bottle Beer,
Item,Dolin Vermouth,11,0,0,6.73,0,74,7,0,67,67,67,Liquor,
Item,Harris Gin,4,0,0,23,0,92,0,0,92,92,92,Liquor,
Item,Ocho Punta OP,3,0,0,18,0,54,18,0,36,36,36,Liquor,
Item,Pride Appletini,19,0,0,12,0,228,0,0,228,228,228,Liquor,
Item,D/ New Belgium IPA,134,0,0,7,0,938,0,0,938,938,938,Draft Beer,
Item,Botanist,116,0,0,14.79,0,1716,17,0,1699,1699,1699,Liquor,
Item,Broken Heels,944,9,0,8,0,7552,56,0,7496,7496,7496,Bottle Beer,
Item,Hot Tea,134,0,0,3,0,426.12,0,24.12,402,402,426.12,Beverage,
Item,Kalls Riesling,21,0,0,9,0,189,9,0,180,180,180,Wine,
Item,Marimonda,1,0,0,11,0,11,11,0,0,0,0,Liquor,
Item,Smith Oatmeal,113,1,0,8.5,0,961,8,0,953,953,953,Bottle Beer,
Item,Allagash Curieux,12,0,0,12,0,144,0,0,144,144,144,Bottle Beer,
Item,N/A Mimosa,12,0,0,7,0,84,0,0,84,84,84,Liquor,
Item,Vesper Martini,12,3,0,14,0,168,14,0,154,154,154,Liquor,
Item,D/ Triple Garre,120,0,0,10,0,1200,40,0,1160,1160,1160,Draft Beer,
Item,Sipsmith,30,0,0,16.05,0,481.5,51,0,430.5,430.5,430.5,Liquor,
Item,CH Pound Cake,208,2,7,10.53,0,2381.16,329,116.16,1936,1936,2052.16,Food,
Item,D/ New Trail IPA,47,0,0,7,0,329,14,0,315,315,315,Draft Beer,
Item,Ships Haven,12,0,0,10.92,0,131,34,0,97,97,97,Liquor,
Item,CH Crabcake Sand,126,1,12,10.81,0,1570.24,188,78.24,1304,1304,1382.24,Food,
Item,Ginger Beer,35,0,0,4,0,148.4,0,8.4,140,140,148.4,Beverage,
Item,Malibu,141,0,0,6.6,0,930,0,0,930,930,930,Liquor,
Item,Bellini,432,2,0,12,0,5184,96,0,5088,5088,5088,Liquor,
Item,Nikka Miyagikyo,4,0,0,26,0,104,0,0,104,104,104,Liquor,
Item,Maggies Farm Rum,7,0,0,9.57,0,67,9,0,58,58,58,Liquor,
Item,Grand Marnier,17,1,0,8.76,0,149,0,0,149,149,149,Liquor,
Item,Hot Chocolate,41,3,0,3.5,0,151.9,3.5,8.4,140,140,148.4,Beverage,
Item,D/ Pinot Noir,265,1,2,9,0,2403,189,0,2214,2214,2214,Wine,
Item,CH Lamb Gyro,122,0,4,10.48,0,1392.36,114,72.36,1206,1206,1278.36,Food,
Item,CH Smoked Lox,27,0,1,11,0,323.18,55,15.18,253,253,268.18,Food,
Item,Tyrconnell Irish Whiskey,3,0,0,10,0,30,0,0,30,30,30,Liquor,
Item,CH Italian Sub,359,4,28,14.48,0,5873.73,1099.5,269.73,4504.5,4504.5,4774.23,Food,
Item,New Trail IPA,25,1,0,7,0,175,0,0,175,175,175,Draft Beer,
Item,In Cold Blood,148,0,0,15,0,2220,30,0,2190,2190,2190,Liquor,
Item,Pride Dragonberry,74,1,0,8,0,592,24,0,568,568,568,Liquor,
Item,N/A Cider,2,0,0,3.5,0,7.42,0,0.42,7,7,7.42,Beverage,
Item,CH Mussels,4,0,1,13,0,67.73,19.5,2.73,45.5,45.5,48.23,Food,
Item,Crown Apple,44,0,0,7.86,0,346,0,0,346,346,346,Liquor,
Item,Genepy,1,0,0,9,0,9,0,0,9,9,9,Liquor,
Item,Chambord,19,0,0,9.74,0,185,0,0,185,185,185,Liquor,
Item,D/ Pinot Grigio,414,1,1,9,0,3735,81,0,3654,3654,3654,Wine,
Item,Monkey Shoulder,51,0,0,11.71,0,597,79,0,518,518,518,Liquor,
Item,CH Cajun Fries,196,0,16,9.7,0,2161.07,322.5,104.07,1734.5,1734.5,1838.57,Food,
Item,Johny Walker Black,32,0,0,8.19,0,262,0,0,262,262,262,Liquor,
Item,Edelweiss,121,0,1,13.02,0,1588,28,0,1560,1560,1560,Liquor,
Item,CH Shrimp Cocktail,87,0,4,12.31,0,1177.27,165.5,57.27,954.5,954.5,1011.77,Food,
Item,Boulard Calvados,1,0,0,16,0,16,0,0,16,16,16,Liquor,
Item,Grey Goose,247,4,0,11.95,0,2952,65,0,2887,2887,2887,Liquor,
Item,Bloedlemon,20,0,0,13.5,0,270,9,0,261,261,261,Liquor,
Item,X Red Slut,35,0,0,7,0,245,0,0,245,245,245,Liquor,
Item,William Hinton,7,0,0,11.43,0,80,20,0,60,60,60,Liquor,
Item,Titos,840,5,0,8.56,0,7189,166,0,7023,7023,7023,Liquor,
Item,CH Fish Sticks,5,0,0,12,0,63.24,6,3.24,54,54,57.24,Food,
Item,Basil Dark Rye,23,0,0,13.7,0,315,70,0,245,245,245,Liquor,
Item,Montenegro Amaro,23,1,0,10.57,0,243,0,0,243,243,243,Liquor,
Item,Pride Gimlet,315,0,0,12,0,3780,24,0,3756,3756,3756,Liquor,
Item,D/ HoffbrÃ¤u Oktober,657,3,0,7,0,4599,77,0,4522,4522,4522,Draft Beer,
Item,Ch Mushrooms,24,0,2,9.54,0,259.76,52,11.76,196,196,207.76,Food,
Item,N/A Spritz,116,0,1,8.62,0,1008,36,0,972,972,972,Liquor,
Item,Virgin Mary,1,0,0,3,0,3.18,0,0.18,3,3,3.18,Beverage,
Item,Pride punch,1860,4,2,9,0,16758,216,0,16542,16542,16542,Liquor,
Modifier,Sour (Faba),287,0,0,4,0,1148,36,0,1112,1112,1112,,
Modifier,Nat Light,111,0,0,0,0,0,0,0,0,0,0,,
Modifier,Bombay Sapphire,277,0,0,11.59,0,3211,12,0,3199,3199,3199,,
Modifier,Side Chips,521,0,22,0,0,0,0,0,0,0,0,,
Modifier,Tonic,229,3,0,4,0,916,36,0,880,880,880,,
Modifier,Bloedlemoen,88,0,0,12.7,0,1118,0,0,1118,1118,1118,,
Modifier,Side Salad,326,0,46,0,0,0,0,0,0,0,0,,
Modifier,Gimlet,95,0,0,5,0,475,20,0,455,455,455,,
Modifier,Martini,1567,18,0,5,0,7835,195,0,7640,7640,7640,,
Modifier,Citrus,316,2,1,0,0,0,0,0,0,0,0,,
Modifier,Cucumber,353,3,0,0,0,0,0,0,0,0,0,,
Modifier,Hendricks,343,1,0,14.22,0,4877,39,0,4838,4838,4838,,
Modifier,Manhattan,408,0,0,5,0,2040,82.5,0,1957.5,1957.5,1957.5,,
Modifier,Collins,66,0,0,4,0,264,8,0,256,256,256,,
Modifier,Last Word,106,1,0,6,0,636,18,0,618,618,618,,
Modifier,Poloma,178,0,0,4,0,712,20,0,692,692,692,,
Modifier,Negroni,289,1,0,5,0,1445,155,0,1290,1290,1290,,
Modifier,Tanqueray,203,0,0,11.67,0,2369,0,0,2369,2369,2369,,
Modifier,Medi,485,0,0,0,0,0,0,0,0,0,0,,
Modifier,Roku,271,2,1,13,0,3536,65,0,3471,3471,3471,,
Modifier,Indian,855,3,1,0,0,0,0,0,0,0,0,,
Modifier,Bluecoat,72,0,0,12.74,0,917,48,0,869,869,869,,
Modifier,Coffee,212,5,0,3,0,636,15,0,621,621,621,,
Modifier,Old Fashioned,985,3,0,3,0,2955,93,0,2862,2862,2862,,
Modifier,Haymans,205,2,0,10,0,2050,60,0,1990,1990,1990,,
Modifier,Cosmopolitan,299,0,0,4,0,1196,8,0,1188,1188,1188,,
Modifier,Business,416,0,1,4,0,1668,84,0,1584,1584,1584,,
Modifier,Margarita,105,0,0,4,0,420,8,0,412,412,412,,
Modifier,Botanist,131,0,0,14.15,0,1853,0,0,1853,1853,1853,,
Modifier,Greyhound,44,0,0,2,0,88,0,0,88,88,88,,
Modifier,Mule,467,2,0,3,0,1401,18,0,1383,1383,1383,,
Modifier,Cherry x4,23,0,0,1,0,23,0,0,23,23,23,,
Modifier,Spritz,23,0,0,3,0,69,0,0,69,69,69,,
Modifier,White Russian,22,0,0,3,0,66,12,0,54,54,54,,
Modifier,Bay Breeze,13,0,0,0,0,0,0,0,0,0,0,,
Modifier,Drumshambo,169,1,0,14.34,0,2424,60,0,2364,2364,2364,,
Modifier,Hot Toddy,49,0,0,4,0,196,0,0,196,196,196,,
Modifier,Spritz,168,2,0,4,0,672,20,0,652,652,652,,
Modifier,Barr Hill,34,0,0,14.06,0,478,30,0,448,448,448,,
Modifier,Aviation,63,0,1,5,0,320,10,0,310,310,310,,
Modifier,Nolets,7,0,1,15.5,0,124,15,0,109,109,109,,
Modifier,Monkey 47,61,0,0,15.59,0,951,15,0,936,936,936,,
Modifier,French 75,24,5,0,5,0,120,5,0,115,115,115,,
Modifier,Caipirinha,4,0,1,4,0,20,4,0,16,16,16,,
Modifier,Sazerac,14,0,0,5,0,70,0,0,70,70,70,,
Modifier,Daiquiri,27,0,0,4,0,108,8,0,100,100,100,,
Modifier,Flithy,3,0,0,0.5,0,1.5,0,0,1.5,1.5,1.5,,
Modifier,Mahon,112,0,0,13.61,0,1524,15,0,1509,1509,1509,,
Modifier,Fresh OJ,15,0,0,2,0,30,2,0,28,28,28,,
Modifier,Boulavardier,27,0,0,5,0,135,35,0,100,100,100,,
Modifier,Stuffed Olives,10,0,0,2,0,20,0,0,20,20,20,,
Modifier,Bloody Mix,14,0,0,2,0,28,0,0,28,28,28,,
Modifier,Bees Knees,93,2,0,4,0,372,16,0,356,356,356,,
Modifier,Pepsi,1,0,0,0,0,0,0,0,0,0,0,,
Modifier,Beefeater,79,0,0,10.82,0,855,21,0,834,834,834,,
Modifier,Mint Julep,2,0,0,5,0,10,0,0,10,10,10,,
Modifier,Sipsmith,34,2,0,14.91,0,507,30,0,477,477,477,,
Modifier,Sour (Plain),8,0,0,4,0,32,0,0,32,32,32,,
Modifier,Lemon Drop,17,0,0,4,0,68,0,0,68,68,68,,
Modifier,Sunrise,15,1,0,1,0,15,0,0,15,15,15,,
Modifier,Mojito,20,1,0,4,0,80,0,0,80,80,80,,
Modifier,Plymouth,16,0,0,13,0,208,13,0,195,195,195,,
Modifier,NY Sour,7,0,0,5,0,35,0,0,35,35,35,,
Modifier,Fresh GF,23,0,0,2,0,46,0,0,46,46,46,,
Modifier,Sidecar,3,0,0,4,0,12,0,0,12,12,12,,
Modifier,Empress,1,0,0,14,0,14,0,0,14,14,14,,
Modifier,Americano,2,0,0,0,0,0,0,0,0,0,0,,
Modifier,Sea Breeze,5,0,0,1,0,5,0,0,5,5,5,,
Modifier,Side Fries,9,0,2,0,0,0,0,0,0,0,0,,
Modifier,French Tini #2,1,0,0,4,0,4,0,0,4,4,4,,
Modifier,Skinny Marg,1,0,0,4,0,4,0,0,4,4,4,,
Modifier,Sgroppino,1,0,0,3,0,3,0,0,3,3,3,,
Modifier,White Negroni,1,0,0,5,0,5,0,0,5,5,5,,
Modifier,Salty Dog,5,0,0,2,0,10,0,0,10,10,10,,
Modifier,Fries,26,0,4,0,0,0,0,0,0,0,0,,
Modifier,Scapegrace,17,0,0,13,0,221,13,0,208,208,208,,
Modifier,Dirty,3,0,0,0,0,0,0,0,0,0,0,,
Modifier,Diet Pepsi,1,0,0,0,0,0,0,0,0,0,0,,
